﻿ID,AgencyID,ServiceID,Department,Title,Name,Nickname,ContactEmail,ContactType,FK_Agency,FK_ResourceInfo,FK_Site,FK_SiteService
String,String,String,String,String,String,String,A@A.AA,String,,1,,
String,String,String,String,String,String,String,A@A.AA,String,1,,,
String,String,String,String,String,String,String,A@A.AA,String,,,1,
String,String,String,String,String,String,String,A@A.AA,String,,2,,
String,String,String,String,String,String,String,A@A.AA,String,,,,1
String,String,String,String,String,String,String,A@A.AA,String,,3,,
String,String,String,String,String,String,String,A@A.AA,String,,4,,
